{
    "navigationBarTitleText": "结算",
    "enablePullDownRefresh": true,
    "usingComponents": {
        "Checkoutaddress": "/package_a/components/checkout/address/index",
        "CheckoutCoupon": "/package_a/components/checkout/coupon/index",
        "Checkoutshipping": "/package_a/components/checkout/shipping/index",
        "CheckoutprotocolGroup": "/package_a/components/checkout/protocolGroup/index",
        "CheckoutpaymentMethod": "/package_a/components/checkout/paymentMethod/index",
        "CheckoutorderMoney": "/package_a/components/checkout/orderMoney/orderMoney"
    }
}